id,type,name,description,publisher,url,update_freq,use_this_to,
1,publisher,Office for National Statistics (ONS),"UK’s largest independent producer of official statistics. Publish data related to the economy, population and society at national, regional and local levels. Conduct Census every 10 years.",ONS,https://www.ons.gov.uk/,,,
2,publisher,Ordnance Survey (OS),UK’s national mapping agency. Provide accurate location data and 500 million geospatial features for use in geospatial analyses.,OS,https://www.ordnancesurvey.co.uk/,,,
3,portal,.gov.uk,"A public sector information website, created by the Government Digital Service to provide a single point of access to HM Government services.",UK Government,https://www.gov.uk/,,,
4,dashboard,[Green Minds] Grafana Dashboard,"Dashboards displaying experimental data from a variety of sensors around Plymouth, such as air quality and environmental conditions in Central Park, Senstick weather and soil sensors and LoRaWAN gateway status. Users can select and download data as a .csv file.",The Data Place,https://tick.thedata.place/grafana/dashboards,Real time,"Find out what experimental sensing is occurring in Plymouth and understand where there is opportunity to improve data collection and use, for example.",
5,dataset,Stumpd Counters - Devonport and The Hoe,"Footfall counters - Devonport park, Autumn 2019. The Hoe, Christmas 2019. “This is an evolving dataset being progressed by the Future Parks Accelerator programme”.",Plymouth City Council,https://data.gov.uk/dataset/a5f1af33-e002-4e90-a8ff-944803c6b367/stumpd-counters-2019-devonport-and-the-hoe,2019,Understand the visitor numbers and movements around Plymouth Hoe and Devonport.,
6,dataset,Plymouth Wildflower Meadows,"Name, area and type of wildflower meadows in Plymouth as of November 2019.",Plymouth City Council,https://data.gov.uk/dataset/aabc101d-0b16-4a6e-b51b-5eb4df6f3502/plymouth-wildlflower-meadows,"Data update frequency: Last updated November, 2019.",Visualise the location of wildflower meadows on a map to pinpoint where it might be beneficial to create new meadows and / or corridors for pollinators and other species.,
7,tool,i-Tree tools,Peer-reviewed software suite that provides urban and rural forestry analysis and benefits assessment tools.,USDA Forest Service,https://www.itreetools.org/,,"Strengthen forest management and advocacy efforts by quantifying forest structure and the environmental benefits that trees provide, for example.",
8,dataset,Bathing water quality,Bathing waters in England that are monitored in order to meet UK reporting obligations under the EU Bathing Water Directive. View and download data about individual bathing waters or select and compare groups of bathing waters. There are two sampling sites in Plymouth: Plymouth Hoe East and Plymouth Hoe West.,The Environment Agency,https://environment.data.gov.uk/bwq/profiles/data.html,"Data update frequency: Last updated May, 2022.","Find out about historical pollution incidents and / or abnormal situations, as well as access pollution risk forecasts and the levels of E. coli in bathing waters, for example.",
9,tool,Swimfo app,Look up details of a designated bathing water by name or location and view on a map.,The Environment Agency,https://environment.data.gov.uk/bwq/profiles/#,,,
10,tool,Create signage.,An application to create a sign for one or more bathing waters that you control.,The Environment Agency,https://environment.data.gov.uk/bwq/signage/#,,,
11,dataset,Brownfield Land Register - Plymouth,PCC’s register of brownfield land suitable for housing development in accordance with legislation and Government guidance.,Plymouth City Council,https://data.gov.uk/dataset/ece0ce26-9d4f-4ee8-b054-783d6097a250/brownfield-land-register,"Data update frequency: Last updated December, 2021.","Find suitable locations for building new and “green” homes, for example.",
12,dataset,Local Nature Reserves,"Name, area and location of Local Nature Reserves within Plymouth as of November 2019.",Plymouth City Council,https://data.gov.uk/dataset/b6cdf1b3-8cb7-45ad-80bd-6cfcd113f3b6/local-nature-reserves,Data update frequency: Last updated in 2019.,"Create maps that display the location of nature reserves within Plymouth, and find out who owns each reserve, for example.",
13,dataset,Sports Pitches - Plymouth,Data showing details on the playing and sports pitches in Plymouth.,Plymouth City Council,https://data.gov.uk/dataset/cd10bffd-bf3e-4cea-b8dc-cede97a21cc3/sports-pitches,Data update frequency: Last updated in 2018.,,
14,dataset,Plymouth Urban Fringe Landscape Areas,Data showing the extent of different urban fringe character areas as defined by the Plymouth and Plymouth Urban Fringe Landscape and Seascape Assessment.,Plymouth City Council,https://data.gov.uk/dataset/80e00a31-09fd-450c-aa9a-e28e68be0bb5/plymouth-urban-fringe-landscape-areas,,,
15,dataset,Plymouth Landscape Character Areas,Data showing the extent of different landscape character areas in Plymouth as defined by the Plymouth and Plymouth Urban Fringe Landscape and Seascape Assessment.,Plymouth City Council,https://data.gov.uk/dataset/9b8fcffd-2635-42fd-b176-67c64f47b472/plymouth-landscape-character-areas,,,
16,collection,Energy - Plymouth,A variety of multiple datasets showing energy statistics in Plymouth. This data is taken from both internal sources in Plymouth City Council departments and the Local Government data source and the Census of 2011.,Plymouth City Council,https://data.gov.uk/dataset/f54780e0-5c3e-442d-8f75-a3c9990aff80/energy,Data update frequency: Update due with release of 2021 Census data.,"Find out domestic energy consumption in Plymouth, for example.",
17,collection,Transport - Plymouth,A variety of multiple datasets showing transport statistics in Plymouth. This data is taken from both internal sources in Plymouth City Council departments and the Local Government data source and the Census of 2011.,Plymouth City Council,https://data.gov.uk/dataset/ff69f339-99a6-4e50-9ca0-de1be386f0b9/transport,Data update frequency: Update due with release of 2021 Census data.,"Find out how people travel to work in Plymouth, for example.",
18,portal,National Trust land datasets,Open data from the National Trust.,National Trust,https://open-data-national-trust.hub.arcgis.com/,,"Find out information about National Trust sites in England, Wales and Northern Ireland.",
19,dataset,Land - Always Open.,National Trust land to which the public has access on foot only – either by right (in the case of designated ‘Access Land’ under the Countryside (Rights of Way) Act 2000 (CRoW)) or by permission from the National Trust. Last updated: 2021.,National Trust,https://open-data-national-trust.hub.arcgis.com/datasets/national-trust-open-data-land-always-open/explore?location=52.788367%2C-2.103324%2C6.79,,,
20,dataset,Land - Limited Access.,"National Trust land where the public can access at certain times, or after paying an admission charge, or where access is limited to footpaths. Last updated: 2021.",National Trust,https://open-data-national-trust.hub.arcgis.com/datasets/national-trust-open-data-land-limited-access,,,
21,dataset,Mapping our Shores - data.,Coastal land use data.,National Trust,https://ckan.publishing.service.gov.uk/dataset/neptune-coastline-campaign-land-use-2014,,,
22,tool,Mapping our Shores - map tool.,View coastal land use data on a map.,National Trust,https://national-trust.maps.arcgis.com/apps/Viewer/index.html?appid=1a6144f38ade4eb19009849eee10f71d,,,
23,dataset,National Parks (England),Geospatial data showing the location of National Parks in England.,Natural England,https://environment.data.gov.uk/DefraDataDownload/?mapService=NE/NationalParksEngland&Mode=spatial,"Data update frequency: Last updated December, 2021.",Download the data in the format that you require.,
24,dataset,UK-AIR,"Automatic air quality monitoring stations measuring oxides of nitrogen (NOx), sulphur dioxide (SO2), ozone (O3), carbon monoxide (CO) and particles (PM10, PM2.5).",Defra,https://uk-air.defra.gov.uk/data/,Data update frequency: Daily.,"Find out the level of air pollution in the city centre and use as evidence to advocate for a switch to more sustainable transport, for example.",
25,tool,Data Selector.,"Access data and simple statistics from the UK-AIR database. Search hourly networks, or daily and multi-day networks.",Defra,https://uk-air.defra.gov.uk/data/data_selector,,,
26,tool,Annual and exceedance statistics.,"This tool allows you to choose the monitoring network, pollutant, metric, sites and time period you are interested in and it returns the chosen statistics. Examples are annual mean, daily maximum concentrations and number of exceedances of the Air Quality Strategy objectives and European limit values.",Defra,https://uk-air.defra.gov.uk/data/exceedance,,,
27,tool,Openair.,"Provides free and open-source tools to analyse, interpret and understand air pollution data using R. This website makes it straightforward to download these graphical outputs from Openair in document ready formats.",Defra,https://uk-air.defra.gov.uk/data/openair,,,
28,api,UK-Air API.,Machine readable access point for air pollution measurements hosted on UK-AIR.,Defra,https://uk-air.defra.gov.uk/data/about_sos,,,
29,portal,National Atmospheric Emissions Inventory (NAEI),"Download UK emission data by air pollutants, greenhouse gases, heavy metals, particulate matter, and emission factors, which are detailed by source and fuel. You can also download this data as pivot tables.",Defra and BEIS,https://naei.beis.gov.uk/data/,Data update frequency: Annually.,,
30,tool,Interactive map.,A user-friendly interface of the UK emission maps which allows the users to explore and interrogate the data at a variety of scales and perform data queries using simple click and select buttons.,,https://naei.beis.gov.uk/emissionsapp/,,,
31,collection,Department for Transport,,Department for Transport,https://data.gov.uk/search?q=&filters%5Bpublisher%5D=Department+for+Transport&filters%5Btopic%5D=&filters%5Bformat%5D=&filters%5Blicence_code%5D=uk-ogl&sort=best,,,
32,dataset,Pesticide usage statistics,Open data containing information about nearly 30 years of pesticide usage from CRD (Chemical Regulation Division) funded surveys.,Fera Science,https://pusstats.fera.co.uk/data,,"Find data showing the total area treated by a particular pesticide and on a particular crop type, for example.",
33,collection,Food Standards Agency open data catalogue,A range of data about food and food safety.,Food Standards Agency,https://data.food.gov.uk/catalog,,"Find food hygiene ratings or inspection results given to businesses in your local area, for example.",
34,collection,Protected Planet,The “most up to date and complete” source of data on protected areas and other effective area-based conservation measures (OECMs). Includes multiple datasets relating to Plymouth.,"Submissions from governments, non-governmental organisations, landowners and communities.",https://www.protectedplanet.net/en/search-areas?geo_type=site,Data update frequency: Monthly.,,
35,portal,Datastro,"An open data portal about astronomy. Including charts, graphs, maps and pictures.",“An astronomy enthusiast”,https://www.datastro.eu/pages/home/,,"Find data for planning night time observation events, for example.",
36,collection,High Speed 2 Limited (HS2),"Open data relating to HS2, the high speed train line currently being built (2022) in Britain, running from London to the North-West.",HS2,https://data.gov.uk/search?q=&filters%5Bpublisher%5D=High+Speed+2+Limited&filters%5Btopic%5D=&filters%5Bformat%5D=&filters%5Blicence_code%5D=uk-ogl&sort=best,,Access environmental monitoring and ecological survey data collected as part of the HS2 project.,
37,portal,The Copernicus Open Access Hub,"Part of the EU Space Programme. The UK will continue to participate until at least 2027. Satellite data enables efficient mapping and monitoring of the Earth’s resources, ecosystems, and events.",Numerous different publishers.,https://scihub.copernicus.eu/,,"Find data to gain insights about the effects of the human population and human activities on cities and environments, to enable data-based decision making. For example <add info>.",
38,collection,Dartmoor National Park (DNP),All open datasets accessible via data.gov.uk.,Dartmoor National Park Authority (DNPA),https://data.gov.uk/search?q=&filters%5Bpublisher%5D=Dartmoor+National+Park+Authority&filters%5Btopic%5D=&filters%5Bformat%5D=&filters%5Blicence_code%5D=uk-ogl&sort=best,,Find out information about Dartmoor National Park.,
39,dataset,Rare Bird Nesting Areas.,Shows areas where rare birds nest on the high moor and includes recommended crossing tracks. Primarily used as guidance for the Ten Tors’ participants so that they don’t inadvertently stray into sensitive bird habitats. Updated annually.,Dartmoor National Park Authority (DNPA),https://data.gov.uk/dataset/508e804d-fcc0-48ef-ade1-002646230365/rare-bird-nesting-areas,,,
40,dataset,Dartmoor Site Allocations.,"The data shows areas which have been identified in DNP's development plan document (part of the Local Plan) as being areas for special policy reference, or allocation. Last update: 2020.",Dartmoor National Park Authority (DNPA),https://data.gov.uk/dataset/3792a60a-47cb-43f4-ae10-1e564e5693be/dartmoor-site-allocations,,,
41,dataset,Dartmoor Brownfield Sites.,List of Brownfield Sites within DNP. Last update: 2020.,Dartmoor National Park Authority (DNPA),https://data.gov.uk/dataset/33422d77-2a55-4913-b2b0-bac95736e7b7/dartmoor-brownfield-sites,,,
42,dataset,Dartmoor Neighbourhood Plan Areas.,The extent of the neighbourhood plan areas within DNP. Last update: 2016.,Dartmoor National Park Authority (DNPA),https://data.gov.uk/dataset/f2b021c6-9812-464f-a1d3-399c982ae248/dartmoor-neighbourhood-plan-areas,,,
43,dataset,Conservation Areas.,Designated areas of 'special architectural or historic interest' whose character or appearance is worth protecting or enhancing. Last update: 2020.,Dartmoor National Park Authority (DNPA),https://data.gov.uk/dataset/7d5490e2-d6e1-4656-bdd3-5be48186d2e5/dnpa-conservation-areas,,,
44,dataset,Wild Camping Permitted.,Areas of DNP where camping is permitted. Last update: 2020.,Dartmoor National Park Authority (DNPA),https://data.gov.uk/dataset/179407cc-4efd-4a46-bb2f-a4bbc30ce2e4/dnpa-wild-camping-permitted,,,
45,dataset,DNPA Woodland of Conservation Importance.,Shapefile that combines the original Section 3 Woodland layer (Dataset 47) with the Ancient Woodland Inventory published by Natural England (Dataset 158). Last update: 2020.,Dartmoor National Park Authority (DNPA),https://data.gov.uk/dataset/a105eb88-60af-4afb-814e-ead0f80f8f88/dnpa-woodland-of-conservation-importance,,,
46,dataset,DNPA Land Owned or Leased.,The location of public land and building assets within DNP. Last update: 2020.,Dartmoor National Park Authority (DNPA),https://data.gov.uk/dataset/5a869bae-d00e-4142-a179-0f5bc2f38a92/dnpa-land-owned-or-leased,,,
47,portal,Forestry Commission Open Data Site,Open spatial data that can be used in Geographic Information Systems (GIS).,Forestry Commission,https://data-forestry.opendata.arcgis.com/,,"Find information about tree pest and disease prevalence in a given area, or species of tree, for example.",
48,collection,Tree species database.,Information on over 60 tree species that are either widely grown in British forests at the present time or which could play an increasing role in the future.,Forestry Commission,https://www.forestresearch.gov.uk/tools-and-resources/tree-species-database/,,,
49,collection,Seed storage database.,Find out about seed characteristics and how best to store them.,Forestry Commission,https://www.forestresearch.gov.uk/tools-and-resources/seed-storage/,,,
50,portal,Alternative access to data.,The Forestry Commission also publishes many open non-spatial datasets; it is recommended that you go to data.gov.uk to find these.,Forestry Commission,https://data.gov.uk/search?q=&filters%5Bpublisher%5D=Forestry+Commission&filters%5Btopic%5D=&filters%5Bformat%5D=&filters%5Blicence_code%5D=uk-ogl&sort=best,,,
51,portal,Natural England Open Data Geoportal,"Provides free and open access to the definitive source of geographic products, web applications, story maps, services and APIs.",Natural England,https://naturalengland-defra.opendata.arcgis.com/,,"Find out information about the features of a Marine Conservation Zone, for example.",
52,collection,Natural England datasets on data.gov.uk,"Access the open data via Gov.uk. Caveat: over 4,000 datasets.",Natural England,https://data.gov.uk/search?q=&filters%5Bpublisher%5D=Natural+England&filters%5Btopic%5D=&filters%5Bformat%5D=&filters%5Blicence_code%5D=uk-ogl&sort=best,,,
53,tool,Green Infrastructure Map.,Designed to provide technical evidence on the Green Infrastructure of England as an open data product.,Natural England,https://designatedsites.naturalengland.org.uk/GreenInfrastructure/Map.aspx,,,
54,portal,Devon County Council Environment Viewer,,Devon County Council,https://maptest.devon.gov.uk/portaldvl/apps/webappviewer/index.html?id=82d17ce243be4ab28091ae1f15970924,,,
55,portal,Defra Data Services Platform,"Designed to make environmental data openly available to a wide range of users. The more people know about the environment, the better informed will be their actions and decisions that can help safeguard our natural environment, support our food and farming industry and sustain a thriving rural economy. All their data can also be found in the data.gov.uk catalogue.",Defra,https://environment.data.gov.uk/,,,
56,collection,Asset Management.,"Datasets that show flood defences currently owned, managed or inspected by the EA. Use for flood and coastal erosion risk management.",Defra,https://environment.data.gov.uk/asset-management/doc/reference,,,
57,tool,Asset information,Map - explore key asset management datasets.,Defra,https://environment.data.gov.uk/asset-management/index.html#,,,
58,collection,Bathing Waters.,Datasets that show bathing water quality. Use it to report on bathing water quality in your area.,Defra,https://environment.data.gov.uk/bwq/doc/api-reference-v0.6.html,,,
59,collection,Catchment Data.,Access data about the water environment. It supports and builds upon the data in the river basin management plans. Find out about the biological and physico- chemical quality of a specific river and compare with others.,Defra,https://environment.data.gov.uk/catchment-planning/api/docs,,,
60,tool,Catchment Data Explorer.,Map - explore and download information about the water environment in your area and access river basin management plans.,Defra,https://environment.data.gov.uk/catchment-planning/,,,
61,collection,Ecology and Fish.,"Access freshwater fish data, as well as freshwater and marine ecology survey data. The collated data can be queried in a consistent way. Use it to analyse trends in changes to fish populations.",Defra,https://environment.data.gov.uk/ecology/api/v1/index.html,,,
62,tool,Data Explorer.,"Map - search ecology and fish data by location, species, survey date.",Defra,https://environment.data.gov.uk/ecology/explorer/,,,
63,tool,Magic.,"Map - includes datasets from Natural England, Defra, Environment Agency, Historic England, Forestry Commission and Marine Management Organisation.",Defra,https://magic.defra.gov.uk/,,,
64,collection,Flood Monitoring.,"Data showing flood areas, flood warnings, measurement stations and measures (water level, flow, wind, temperature). Identify areas that require improved flood defence infrastructure as a priority.",Defra,https://environment.data.gov.uk/flood-monitoring/doc/reference,,,
65,tool,Live flood map.,"Map - view river, sea, groundwater and rainfall levels, and type of flood warnings that have been issued.",Defra,"https://check-for-flooding.service.gov.uk/river-and-sea-levels?v=map&lyr=mv,ri,ti,gr,rf&ext=-15.75447,46.922892,10.799683,56.536928",,,
66,tool,Reservoir flood map.,Map - shows where water may go in the very unlikely event of a reservoir failure.,Defra,https://environment.data.gov.uk/reservoir-flood-maps,,,
67,collection,Hydrology,"Provides access to historic water flow information, complementing the near real-time data provided under flood monitoring (above) in that it provides access to a long term archive of quality checked and qualified data.",Defra,https://environment.data.gov.uk/hydrology/doc/reference,,,
68,tool,Hydrology Data Explorer.,Map - river flows and groundwater readings for stations throughout England.,Defra,https://environment.data.gov.uk/hydrology/landing#/landing,,,
69,dataset,Public Registers.,"Licence applications from industry, business and individuals to carry out certain activities that have the potential to pollute the environment. Find out whether a certain business has a permit to store radioactive substances.",Defra,https://environment.data.gov.uk/public-register/view/api-reference,,,
70,tool,Public Registers Online.,Search Defra’s list of public registers on their website.,Defra,https://environment.data.gov.uk/public-register/view/index#,,,
71,dataset,Rainfall,Approximately 1000 real time rain gauges measuring the amount of precipitation (mm) and capturing in Tipping Bucket Rain Gauges (TBR). <use>,Defra,https://environment.data.gov.uk/flood-monitoring/doc/rainfall,,,
72,tool,Rainfall Demonstra-tor.,Map - explore and download data from the network of tipping-gauge rainfall sensors.,Defra,https://environment.data.gov.uk/flood-monitoring/assets/demo/index.html,,,
73,dataset,Tide Gauge.,Tidal elevations at 44 locations around the UK coast. Near real time measurements provide mean sea level and are reported both relative to local datum (unit m) and relative to the Ordnance Datum at Newlyn (unit mAOD). <use>,Defra,https://environment.data.gov.uk/flood-monitoring/doc/tidegauge,,,
74,tool,Tide gauge readings.,Map - browse and download data from stations of the UK National Tide Gauge Network.,Defra,https://environment.data.gov.uk/flood-monitoring/tidegauge/index.html#,,,
75,collection,Water Quality Data Archive.,Water sampling data from 58 thousand sampling points that measure aspects of the water quality or the environment at the sampling point. <use>,Defra,https://environment.data.gov.uk/water-quality/view/doc/reference,,,
76,tool,Water quality archive.,Map - search sampling points in the archive by providing one or more of the search criteria.,Defra,https://environment.data.gov.uk/water-quality/view/explore,,,
77,tool,Drinking water.,Map - search for Drinking Water Safeguard Zones and NVZs (nitrate vulnerable zones).,Defra,https://environment.data.gov.uk/farmers/,,,
78,collection,Environmental Information Data Centre (EIDC) Open Data Catalogue,"Holds terrestrial, freshwater and atmospheric environmental data generated by researchers in the UK, most of which is freely accessible and available under Open Licence arrangements. Part of NERC’s Environmental Data Service, hosted by the UK Centre for Ecology & Hydrology (UKCEH).",Natural Environment Research Council (NERC),https://eidc.ac.uk/finddata,,"Access data from hedgerow management and biodiversity restoration experiments and use it to guide your own restoration or rewilding project, for example.",
79,collection,Joint Nature Conservation Committee (JNCC) open data,Access a broad range of nature and environmental data.,JNCC,https://data.gov.uk/search?q=&filters%5Bpublisher%5D=Joint+Nature+Conservation+Committee&filters%5Btopic%5D=&filters%5Bformat%5D=&sort=recent,,"Find details of the conservation designations of over 13,000 UK taxa that have been assigned some form of rarity, threat or legal status, or access spatial datasets containing Special Areas of Conservation, for example.",
80,collection,JNCC Data Inventory.,Public inventory of data assets maintained or held by JNCC. The inventory includes but is not limited to datasets published as open data.,JNCC,https://data.gov.uk/dataset/a37fa886-2554-4df8-b3ca-b460462974d1/jncc-data-inventory-public-july-2018,,,
81,tool,OSPAR Data & Information Management System,An online tool providing a single point of access to all the data and information gathered through OSPAR’s Joint Assessment and Monitoring Programme across the different thematic work areas of the Convention (The Convention for the Protection of the Marine Environment of the North-East Atlantic).,OSPAR Commission,https://odims.ospar.org/en/,,"Find out the levels and trends in marine contaminants and their biological effects, for example.",
82,collection,NBN Atlas,"The UK’s largest repository of publicly available biodiversity data. Includes datasets from The Biological Records Centre, such as from iRecord and surveys.",NBN Atlas,https://nbnatlas.org/,,"Search for a species of interest, view their distribution on a map, and download the related data, for example.",https://docs.nbnatlas.org/guidance-for-using-data/
83,tool,EasyMap.,A service provided by the NBN Gateway that enables you to get a live NBN map on your website in one line of HTML.,NBN Atlas,https://easymap.nbnatlas.org/easymap.html,,,
84,collection,"Centre for Environment, Fisheries & Aquaculture Science (CEFAS) Data Portal","Contains 2109 metadata records, with 5771 data sets available to download and connect to in support of their “commitment to open science”.",CEFAS,https://data.cefas.co.uk/,,"Find out the spawning and nesting grounds of selected fish in UK waters, access data from biological surveys, or GIS layers that provide information about inshore fishing activities intensity, for example.",
85,tool,OpenGeoscience,"A free service where you can view maps and download data, scans, photos and other information relating to the geology of the UK.
API server: https://ogcapi.bgs.ac.uk/",The British Geological Survey,https://www.bgs.ac.uk/geological-data/opengeoscience/,,,
86,collection,"Department for Business, Energy & Industrial Strategy (BEIS)",All open datasets from this publisher on the Gov.uk open data portal.,BEIS,https://data.gov.uk/search?q=&filters%5Bpublisher%5D=Department+for+Business%2C+Energy+and+Industrial+Strategy&filters%5Btopic%5D=&filters%5Bformat%5D=&filters%5Blicence_code%5D=uk-ogl&sort=best,,,
87,portal,The Open Geography Portal,"Provides free and open access to a definitive source of geographic products, web applications, story maps, services and APIs.",Office for National Statistics,https://geoportal.statistics.gov.uk/,"Data update frequency: Mostly updated on a weekly or daily basis. Exceptions: ward boundary changes and local authority district changes are routinely implemented annually, Westminster parliamentary constituency changes coincide with a General Election and health area, parish changes can occur at any time.","Looking up a postcode and, for example, finding out which organisation(s) has responsibility for maintenance of green spaces in your area.",
88,dataset,Postcode products,"The ONS Postcode Directory (ONSPD) and the National Statistics Postcode Lookup (NSPL) - two key postcode products that assign geographies to postcodes using two different methodologies, depending on your requirements.",ONS,https://www.ons.gov.uk/methodology/geography/geographicalproducts/postcodeproducts,,,
89,dataset,CodePoint-Open,"Another open dataset from a different publisher of all the current postcode units, NHS authority and administrative unit codes, and related location information in Great Britain.",Ordnance Survey,https://www.ordnancesurvey.co.uk/business-government/products/code-point-open,Data update frequency: Quarterly.,"Link any dataset that includes postcode data to the postcode location and visualise on a map. This could be used to see where similar projects are currently being delivered and identify opportunities, for example.",
90,dataset,Ordnance Survey Open UPRN,"A dataset of unique identifiers for every addressable location in Great Britain, containing all Unique Property Reference Numbers (UPRNs) and geometry from AddressBase Premium (an OS product).",Ordnance Survey,https://www.ordnancesurvey.co.uk/business-government/products/open-uprn,Data update frequency: Six weeks.,"Similar to CodePoint-Open, but uses UPRNs instead of postcode units.",
91,dataset,Location of empty homes in Plymouth,The postcodes and geographic location data of Empty Homes across Plymouth for the year 2017.,Plymouth City Council,https://data.gov.uk/dataset/93d24df3-a255-4499-9165-d23a2f6632ba/location-of-empty-homes-in-plymouth,Data update frequency: Last updated 2017.,,
92,dataset,Number of dwellings.,Data showing the number of dwellings in Plymouth from 2008-2016.,Plymouth City Council,https://data.gov.uk/dataset/6c459d5b-e9c3-4734-a757-00f9658f0c52/number-of-dwellings,,,
93,tool,Vacancy Atlas.,"A toolkit from Real Ideas Organisation designed to help individuals and organisations find and gain access to vacant spaces, develop a plan of action for the project and space and understand the legal obligations and manage the risks involved.",RIO,https://www.vacancyatlas.co.uk/vacant-spaces-toolkit,,,
94,dataset,Planning Applications - Plymouth,Information on historical planning applications.,Plymouth City Council,https://data.gov.uk/dataset/8772a543-088b-4386-9028-091293090223/decided-planning-applications,Data update frequency: Data available from 1969 to 2015.,,
95,dataset,Planning compliments and complaints.,Data showing the amount of compliments and complaints received by Plymouth City Council's planning (now Strategic Planning and Infrastructure) department.,Plymouth City Council,https://data.gov.uk/dataset/0829731d-e401-42d0-864c-afcdca387e15/planning-compliments-and-complaints,,,
96,dataset,Valid planning applications.,Data showing information on planning applications in Plymouth. From 1999 to 2016.,Plymouth City Council,https://data.gov.uk/dataset/67a54db4-94df-427d-94e0-df0c9c35f7bc/valid-planning-applications,,,
97,dataset,Planning performance.,Data showing information on planning applications in Plymouth. From 1999 to 2016.,Plymouth City Council,https://data.gov.uk/dataset/9d7a48d1-ffa6-4e7c-b6a2-18894e236418/planning-performance,,,
98,dataset,Stalled planning sites.,"Details of the lapsed or stalled planning applications in Plymouth City Council, from 2006 to 2016.",Plymouth City Council,https://data.gov.uk/dataset/ecf04cd2-5cb3-4431-9a76-b506a98d536a/stalled-planning-sites,,,
99,collection,Libraries - Plymouth,"Information on Plymouth’s libraries including location, opening times and facilities.",Plymouth City Council.,https://data.gov.uk/dataset/fa9fc92f-dbba-4caf-95a3-1864fd5707e6/libraries-information,Data update frequency: Last updated 2019.,,
100,dataset,Active library users by age.,A dataset showing the number of active library users by age band.,Plymouth City Council,https://data.gov.uk/dataset/37b62c03-f256-4948-b2c2-e4e5ba98c5aa/active-library-users-by-age,,,
101,dataset,Library issues.,Weekly issues by library in 2018.,Plymouth City Council,https://data.gov.uk/dataset/d168723a-2397-4f9c-980d-0b3ebb3db82d/library-issues,,,
102,collection,Census data,"From 2011 census. ONS is due to start releasing 2021 data at the end of May, 2022.",ONS,https://www.nomisweb.co.uk/census/2011/data_finder,Data update frequency: Survey occurs every 10 years.,Understand the demographics of the public in the area that your project operates to identify needs <add info>.,
103,collection,Data tables from 2011 Census.,Download the full index of tables and topics as an Excel Macro-Enabled worksheet.,ONS,http://www.ons.gov.uk/ons/guide-method/census/2011/census-data/2011-census-data-catalogue/2011-census-index-of-tables-and-topics.zip,,,
104,collection,Indices of Multiple Deprivation (IMD),"A relative measure of deprivation, meaning it can tell you if one area is more deprived than another but not by how much. For example, a small area with a rank of 1,000 is not half as deprived as a place with a rank of 500. Covers a wider range of measures including environment, barriers to opportunity, health and crime","Department of Levelling Up, Housing & Communities",https://www.gov.uk/government/statistics/english-indices-of-deprivation-2019,Data update frequency: Typically updated every 3 to 4 years - last updated 2019.,"Classify the relative deprivation of small geographical areas within the UK, which can be a strong supporting factor for bids and grant applications. For example, to evidence the need for green spaces for improved mental wellbeing and / or physical wellbeing in your area.",
105,tool,IMD Map,"Explore the Indices of Deprivation 2015 and 2019 in an interactive map. You can choose the overall Index of Multiple Deprivation, or one of the individual domains. You can search the map by place name or postcode.","Department of Levelling Up, Housing & Communities",http://dclgapps.communities.gov.uk/imd/iod_index.html,,,
106,tool,IMD Postcode Lookup,"A tool to obtain deprivation data for up to 10,000 postcodes at a time. You can also look up deprivation data by local authority.","Department of Levelling Up, Housing & Communities",https://imd-by-postcode.opendatacommunities.org/imd/2019,,,
107,tool,IoD2019 Interactive Dashboard.,Allows users to explore the 2019 English Indices of Deprivation data at both local authority district level and neighbourhood (LSOA) level.,"Department of Levelling Up, Housing & Communities",https://app.powerbi.com/view?r=eyJrIjoiOTdjYzIyNTMtMTcxNi00YmQ2LWI1YzgtMTUyYzMxOWQ3NzQ2IiwidCI6ImJmMzQ2ODEwLTljN2QtNDNkZS1hODcyLTI0YTJlZjM5OTVhOCJ9,,,
108,portal,Nomisweb,"A service to access the most detailed and up-to-date UK labour market statistics from official sources. Includes datasets relating to income, employment, population and much more.",The University of Durham provides the Nomis service on behalf of the Office for National Statistics,https://www.nomisweb.co.uk/,,,
109,tool,Query data tool,Create a data download from one of the full range of data sets. Data is available at a very detailed level.,The University of Durham provides the Nomis service on behalf of the Office for National Statistics,https://www.nomisweb.co.uk/query/select/getdatasetbytheme.asp?opt=3&theme=&subgrp=,,,
110,tool,Local Area Report search tool,"Information about your local area (including Parish, County, District and smaller areas). Includes personal characteristics of people who usually live in an area, characteristics of the households we live in and work-related topics.",The University of Durham provides the Nomis service on behalf of the Office for National Statistics,https://www.nomisweb.co.uk/reports/localarea,,,
111,dataset,GrantNav,"Search, explore and download grants data published by UK funders in the 360Giving Data Standard.",360Giving,https://grantnav.threesixtygiving.org/,Data update frequency: Daily.,"Find out how funding is allocated in your local area, including funder and recipient information, plus the amount of funding that was received at any given time.",
112,collection,Grant Finder,"Comprehensive database of grant funding opportunities, available in some areas for free via a local LEP or library service.",Idox,https://www.grantfinder.co.uk/,Data update frequency: Daily.,Find relevant funding opportunities for your project / organisation.,
113,portal,NHS open data,"Provide national IT and data services that support clinicians at work, help patients get the best care, and use data to improve health and care.",NHS Digital,https://digital.nhs.uk/search/document-type/publication?sort=date&area=data,,,
114,portal,Public health statistics,Official statistics based on datasets relating to a very wide range of public health topics. A comprehensive list is available via the link.,Office for Health Improvement and Disparities,https://www.gov.uk/government/organisations/office-for-health-improvement-and-disparities/about/statistics,,,
115,tool,Health Inequalities Dashboard,A tool to assist monitoring and evidencing progress on reducing inequalities within England.,Public Health England,https://analytics.phe.gov.uk/apps/health-inequalities-dashboard/,,,
116,tool,Public Health Dashboard,The purpose of the dashboard is to support local decision-making by bringing existing comparative data into one place and making it accessible and meaningful to a wide audience. Select an indicator to see variance across England and how your local area compares.,Public Health England,https://healthierlives.phe.org.uk/topic/public-health-dashboard,,,
117,collection,Public Health Profiles.,"Provide an overview of health for each local authority in England. They pull together existing information in one place and contain data on a range of indicators for local populations, highlighting issues that can affect health in each locality.",Public Health England,https://fingertips.phe.org.uk/,,,
118,collection,Health and social care,Over 150 open datasets published on the data.gov website.,Department of Health and Social Care,https://data.gov.uk/search?filters%5Bpublisher%5D=Department+of+Health+and+Social+Care,,,
119,collection,Education,"View all of the open data available and choose files to download in the data catalogue, browse statistical summaries and download associated data, and create your own data tables.",Department for Education,https://explore-education-statistics.service.gov.uk/,,,
120,dataset,Traveller caravan count,Compiled from information submitted by local authorities in England in order to provide local data on the number and seasonal movement of caravans and trends over time. Includes records of the number of caravans on both authorised and unauthorised sites across England.,DLUHC,https://www.gov.uk/government/statistics/traveller-caravan-count-july-2021,Data update frequency: Biannually (January and July).,,
121,collection,Local Needs Databank,"Can increase your understanding of needs and charity work across the UK by bringing together official statistics, such as those on multiple deprivation, age, health and ethnicity, and data on local charity density and charity demand data from organisations such as Turn2us, Buttle UK and British Gas Energy Trust.",New Philanthropy Capital (NPC),https://www.thinknpc.org/resource-hub/local-needs-databank/,"Data update frequency: Weekly, or as soon as new data is released from external sources.",,
122,collection,Data download,Link for a direct download of all data within the Local Needs Databank as an .xlsx file. Includes metadata information and source links.,New Philanthropy Capital (NPC),https://www.thinknpc.org/wp-content/uploads/2022/04/26.04.2022-UK-data-release-updated.xlsx,,,
123,tool,Explore and Compare Dashboard,"Produce your own tailored, interactive data reports on the places and needs that matter most to you and your work.",New Philanthropy Capital (NPC),https://www.thinknpc.org/resource-hub/local-needs-databank/#ec,,,
124,portal,LGInform,"Find up-to-date published data about your local area and the performance of your council or fire and rescue authority. Topics include: employment, community safety, housing, health and social care, education, culture, permits and permissions, environmental protection and more.",Local Government Association,https://lginform.local.gov.uk/,,,
125,collection,Local Green Jobs.,"Report provides analysis of the jobs required for a net zero economy in England, and where these will be located in the coming years. Raw data available to download.",Local Government Association,https://lginform.local.gov.uk/reports/view/lga-research/estimated-total-number-of-direct-jobs-in-low-carbon-and-renewable-energy-sector?mod-area=E06000026&mod-group=AllSingleTierInCountry_England&mod-type=namedComparisonGroup,,,
126,collection,Democracy Club,"Find information about local government and elections in the UK. From knowing where to vote, to finding out what is happening in your council.",Democracy Club,https://democracyclub.org.uk/,Data update frequency: Ad hoc subject to elections.,Find out about upcoming elections; when they are taking place and the location of polling stations.,
127,tool,Who can I vote for?,Information about candidates standing for political office in the UK.,Democracy Club,https://whocanivotefor.co.uk/?utm_source=ynr&utm_campaign=ynr_cta,,,
128,dataset,Companies House register,"Find and update company information, including the registered address and date of incorporation, current and resigned officers, document images, mortgage charge data, previous company names and insolvency information.",UK Government,https://find-and-update.company-information.service.gov.uk/?_ga=2.99090718.1042452759.1648040720-87297322.1616625786,Data update frequency: “Regularly”.,,
129,tool,Company name availability checker.,,Companies House,https://find-and-update.company-information.service.gov.uk/company-name-availability,,,
130,tool,Alphabetical company search.,,Companies House,https://find-and-update.company-information.service.gov.uk/alphabetical-search,,,
131,tool,Dissolved company search (1989-2009).,,Companies House,https://find-and-update.company-information.service.gov.uk/dissolved-search,,,
132,collection,Voluntary Sector data resources,A range of quantitative resources and sources of data for those researching the voluntary sector.,The Voluntary Sector Studies Network,https://www.vssn.org.uk/resources-for-research/quantitative-data-and-resources-for-researchers/,,Find other resources and tools for exploring data related to the voluntary sector.,
133,dataset,Charity Classification Tags.,"An additional classification system to the International Classification of Non-profit and Third Sector Organisations (ICNP/TSO), designed with the aim to make classifications more specific to the UK, and to allow charities to be associated with several tags at once.",,https://airtable.com/shrakjlWQR60s4t34/tblcGkah3oNBLrHzP,,,
134,dataset,Charities Register,"Information from the Charity Commission about registered charities in England and Wales, including charity name and address, trustees, work and aims, and finances. There are different registers for charities in Scotland and charities in Northern Ireland (see below).",Charity Commission,https://www.gov.uk/find-charity-information,,"Find out the number of trustees at any given charity and whether they receive any remuneration, payments or benefits from the charity, for example.",
135,dataset,Charities register for Scotland.,,OSCR,https://www.oscr.org.uk/search,,,
136,dataset,Charities register for Northern Ireland.,,Charity Commission NI,https://www.charitycommissionni.org.uk/charity-search/?pageNumber=1,,,
137,collection,OpenDataMonitor,An overview of available open data resources in EU countries and the UK.,OpenDataMonitor,https://www.opendatamonitor.eu/frontend/web/index.php?r=dashboard%2Findex,,Browse and search for open datasets. Compare the amount of open data and its completeness by country.,
138,dataset,30 Days Wild,Dandelion survey data,Devon Wildlife Trust,https://www.devonwildlifetrust.org/take-action/30-days-wild-challenge,,,
139,dataset,Buoy data,,Western Channel Observatory,https://www.westernchannelobservatory.org.uk/buoys.php,,,
140,collection,Devon Local Nature Partnership,,Devon Local Nature Partnership,https://www.devonlnp.org.uk/,,,
141,collection,Met Office,,Met Office,https://www.metoffice.gov.uk/services/data,,,
142,portal,EMODnet (European Marine Observation and Data Network),"Seven different portals - Bathymetry, chemistry, biology, geology, human activities, physics, seabed habitats.",European Commission,https://emodnet.ec.europa.eu/en/data-portals-overview,,,
143,tool,Geoviewer.,Map view of data. Many layers available covering the SW of England.,European Commission,https://emodnet.ec.europa.eu/geoviewer,,,
144,tool,Query tool.,,European Commission,https://emodnet.ec.europa.eu/dataservices,,,
145,tool,Seabed Habitats.,,European Commission,https://www.emodnet-seabedhabitats.eu/access-data/launch-map-viewer/,,,
146,collection,Natural Environment Research Council (NERC) Data Catalogue Service,Search for data resources from NERC's five umbrella data centres. The catalogue connects data held in managed archives and by individual research groups.,NERC,https://data-search.nerc.ac.uk/geonetwork/srv/eng/catalog.search#/home,,,
147,collection,British Oceanographic Data Centre.,Marine.,BODC,https://www.bodc.ac.uk/,,,
148,collection,Environmental Information Data Centre.,Terrestrial and freshwater.,,https://eidc.ac.uk/,,,
149,collection,Centre for Environmental Data Analysis.,"Atmospheric, earth observation, and solar and space physics.",,https://www.ceda.ac.uk/,,,
150,collection,National Geoscience Data Centre.,Geoscience.,,https://www.bgs.ac.uk/geological-data/national-geoscience-data-centre/,,,
151,collection,UK Polar Data Centre.,Polar and cryosphere.,,https://www.bas.ac.uk/data/uk-pdc/,,,